{"inputSize":49,"hiddenSizes":[16,8],"outputSize":3,"weights":[[[0.4175510908635369,0.1999522008048662,0.5792772631075424,0.8142621667852293,0.6982245091039835,0.24242438392202337,0.38578685255998946,0.580612796204139,0.006956341732162197,0.39087640646089805,0.7899363196462426,0.2641029105644985,0.6766670120033889,0.5077822477042332,0.10937008573723117,0.4180451391550487],[0.7534595120531152,0.5617332510432707,0.2984052274421669,0.8966356226041265,0.8157256786954562,0.23341471732711783,0.0632006515218646,0.468682557659588,0.74824027096975,0.5633391271403543,0.2583453884987251,0.4124377305624498,0.15559892073974124,0.4519133570170373,0.7536166779856199,0.1135340332121697],[0.05370786169491496,0.5018945116461856,0.9790831909390759,0.05433625935237193,0.7149561931437107,0.9078831267803132,0.6764396282077718,0.5185187231580016,0.040737990592927785,-0.05914670752361704,0.6689634481357766,0.5129460844175658,0.6880711065945884,0.24407984966956786,0.4285261841299871,0.05733621330940817],[0.2125469494083886,0.2590958144630992,0.41781202601714257,0.2121425620520497,0.7118269951925196,0.8840135889759204,0.32919450563900754,0.510123908250059,0.5979481852377535,-0.2526924369531779,0.43312356978819033,0.44036026000542344,0.09728943280079431,-0.42800327954049217,0.4511515157519595,0.14220809559370828],[0.9276354336607794,0.6596747918060918,0.7311027322765585,0.2859184309449217,0.09009060038414653,0.6733095976402953,0.395088261389916,0.896267005461944,0.1775322064122563,-0.37823736651998763,0.5607458216765254,0.4083904876639654,0.30908170148731495,0.7013116192878123,0.37455412173776204,0.46697680190539115],[0.25638995874355286,0.0539603717360203,0.6291830925610515,0.9664931226388401,0.35235822481154916,0.03269649878301524,0.9307316064111405,0.48915894654530095,0.8905067096275096,0.9529708004180854,0.5025472151586161,0.15689368809470106,0.9026304085657705,1.0018881533173865,0.18048178054785802,0.09843498970562517],[0.9221572269534666,0.6814935992029213,0.8954428890438082,0.5497655388950201,-0.289977659971374,0.022241469406921368,0.6822923133918682,0.7551151433983259,0.6363267226218938,0.9196095972002324,0.703394959718005,0.8812099615048293,0.12092556637976817,0.7646156315547243,0.6830682733854239,0.21601463552979025],[0.8729066230187615,0.49794906748067375,0.6968165866651491,0.5550162032956828,-0.25271259902812276,0.5622089912288936,0.1969619935470612,0.6370167119888933,0.9313868586691322,0.3966182543992499,1.111885111798078,0.7479437439127666,0.4691017022027604,1.3997278559711694,0.2751442976659488,0.5535976551639927],[0.5997022135817816,0.23368261254653755,0.25999761850078146,0.5664978451635811,0.7129661226195103,0.343304617589074,0.7377070694813823,0.4178532905646298,0.8062335422997557,-0.644990578085035,1.8226782404359443,1.3302826065324467,0.8425434345897105,3.0556087675917336,0.3539538901452831,0.7279643291063161],[0.7040406784955919,0.09236284469384164,0.27495948067488835,0.8359401446525769,-0.5111332501288753,0.4922384204590208,-0.010179862200673058,0.2625767325907147,0.14828918840893368,0.8966640862106524,0.11623561021669895,0.13554745205706978,0.18301720349027936,0.8301724046056105,0.8991886917109602,-0.02364611586317029],[0.23348846370995646,0.7461033866325603,0.9489787876822134,0.41161198244529235,-0.5887997299200669,0.7895164680063517,0.4645387902683514,-0.1959258499186229,0.254542406721743,0.6698280874360732,0.7560985393957919,0.2219455159914326,0.6780855216824417,0.10846384007226993,0.4870066728411419,0.3742650800967573],[0.20415713745693928,0.4836843274033998,0.5033953639095919,0.3402749848112615,-0.4621093443758187,-0.006945650137490064,0.7819726770274864,-0.19877628010947934,0.5043190985764995,0.6691146783106131,-0.004555847685574078,0.4377342603235025,0.8432304750032403,0.5215845057265421,0.26091529686399884,0.21482720384927328],[0.033827216535799245,0.5405203835277687,0.8056427740645371,0.835691488507715,0.47227745206191885,0.4512037707638274,0.9477302625953912,0.34119023376412255,0.3663154799765215,-0.5522110577206861,1.8882334555469131,1.2424317752040999,0.10585150905583124,2.19709663178283,1.005119185787198,0.3878359476499382],[0.029795509303349402,0.8143270673151795,0.44295832251705836,0.4018426632170053,-0.433574729056391,0.38917617296950735,0.12412381429234488,0.15713730251172633,0.7003859177918899,1.1691655756538117,0.6333822647279248,1.00427601454651,0.083177339232873,0.8371655411581636,0.824181611209602,0.16346564659223004],[0.7750480505243676,0.7556415703219093,0.9058684100732382,0.7817854684041595,0.7589930443981692,0.489059758614381,0.5240613215923875,0.020823180399693293,0.36456570402536825,-0.5899949192022409,0.8584243366860153,0.7710041244010433,0.3234664757480656,1.3855683638380336,0.9538751704583821,0.853816898703369],[0.7133464178838551,0.39620977907273336,0.9907155454315344,0.8614162852299009,0.3409803964985492,0.5487387167091796,0.22495431821742712,0.13347231599334008,0.8802927870068689,0.7980722714519352,-1.9117988057459805,0.1464199977599247,0.6775526797420718,-1.4851294067356653,0.6612540928557995,0.53559053423084],[0.47612299111671313,0.8372445452822119,0.3299753534476064,0.7135661534358377,-0.8413488353610373,0.9745964306477838,0.7126536254419106,0.5761088358288431,0.6534023766210653,1.1300539222137682,0.12765388364902688,0.33613304102754965,0.09507518848059665,-1.1602392960698704,0.33726199227638426,0.44826246310518114],[0.5004844961077098,0.8435870146802552,0.6132409404524337,0.09099675295668552,-0.2655805117873986,0.1940316677434511,0.9501758240056464,0.8416784002921419,0.9988701379019734,0.4516992125886328,-0.13372176282008896,-0.036394048410270115,0.8908866912424943,-0.8067195378821147,0.8747364748385938,0.16753247667580548],[0.38948339298694,0.6332091697403571,-0.0636196778887973,0.9137415692272867,-0.3465604390027224,0.6052469532650363,0.33294516074637376,0.7437606698217545,0.781995251542107,0.7791581252531885,0.8742954446212765,1.0665347400420806,0.20791947187670137,-0.306444845698187,-0.2619079503464867,-0.4671793952399764],[0.5522326097434913,0.967239467885816,-0.16375239371535408,0.8334170746698569,-0.025918374147978342,0.028165914257792794,0.8291649994899906,0.29517301479163915,0.4012281646801655,0.5159911649682642,-0.7703106130300869,0.5359356433513168,0.8266308669448111,-0.19822325819296552,0.4897802861007762,0.513589272074331],[0.47922321939893386,0.8487485235705968,0.4671873312307209,0.4886512096143401,-0.30220233051428486,0.7101820786390505,0.5997619211492343,-0.023967948122500037,0.6616130203550423,-0.2104780345479904,1.2360668527530458,1.1927817865173975,0.5537807657716967,1.8748181366575472,0.5155943134013746,0.39263418000689376],[0.4535974930930943,0.504695681222444,0.6712332443231076,0.9723676488854983,0.17855877749976573,0.6372711123720632,0.7369958961404481,0.001127304975489724,0.9916631297286966,-0.4218484444737254,-1.006544551345276,0.5199067721855614,0.7699772759225203,-0.12142526574135369,0.2059746621006486,0.7065434598187468],[0.7630850148514221,0.6757122032051119,0.9206958089803495,0.7564048232135956,-0.2624800405052238,0.8025335544579184,0.8085470504881896,0.1467778459159628,0.14550292740173457,0.8524500310896649,0.2449078448162053,-0.031675662521757214,0.40968456710166584,-0.5532487214303562,0.8024322790246998,0.5871503784036981],[0.612233894080393,-0.1894663489371633,0.6275797197419457,0.8503511623449761,-0.8218023181305213,0.06444914784300779,-0.7075968487284923,-0.15777279865073607,-0.5272519911274205,0.8523729259203602,-0.7740445490731964,0.29011117696594096,-0.6763434366265897,-0.566427637222636,0.6206059493532685,0.6866444275674681],[0.0047838626481092605,0.1973199318140395,0.28914434745206197,0.3903656226326456,0.6917046618388343,0.15624495035332098,0.39952091111148813,0.6131696391889434,0.20367536759005067,0.8616013090064109,0.022215257661520105,0.0591654935740803,0.09874176148773517,0.697559946841766,0.8595979434275314,0.13932074833823327],[0.11773058356079659,0.8223939655723039,0.03993692514230954,0.5396433443948999,-0.013005279397726156,0.5784333135003875,0.5639152853551834,